<?xml version="1.0"?>
<ruleset name="Redux PHPCS">
	<description>The Redux WordPress coding standard, excluding 2 folders.</description>
	<rule ref="WordPress"/>

	<rule ref="WordPress-Core"/>
	<rule ref="WordPress-Docs"/>
	<rule ref="WordPress.WP.I18n"/>

	<config name="text_domain" value="redux-framework,your-textdomain-here"/>

	<rule ref="WordPress.CodeAnalysis.EmptyStatement"/>

	<arg value="ps"/>
	<arg name="extensions" value="php"/>

	<file>./</file>

	<exclude-pattern>vendor</exclude-pattern>
	<exclude-pattern>redux-core/appsero/</exclude-pattern>
	<exclude-pattern>node_modules/</exclude-pattern>
	<exclude-pattern>build/</exclude-pattern>
	<exclude-pattern>tests/</exclude-pattern>
	<exclude-pattern>redux-core/inc/fields/**/field_*.php</exclude-pattern>
	<exclude-pattern>redux-core/inc/extensions/customizer/inc/customizer_*.php</exclude-pattern>
	<exclude-pattern>ReduxCore/</exclude-pattern>
	<exclude-pattern>redux-core/core</exclude-pattern>
</ruleset>
